{
    "parent": "item/handheld",
    "textures": {
        "layer0": "item/custom/dragon_fang_dagger"
    },
    "display": {
        "thirdperson_righthand": {
            "rotation": [0, -90, 55],
            "translation": [0, 4, 0.5],
            "scale": [0.7, 0.7, 0.7]
        },
        "thirdperson_lefthand": {
            "rotation": [0, 90, -55],
            "translation": [0, 4, 0.5],
            "scale": [0.7, 0.7, 0.7]
        },
        "firstperson_righthand": {
            "rotation": [0, -90, 25],
            "translation": [1.13, 3.2, 1.13],
            "scale": [0.5, 0.5, 0.5]
        },
        "firstperson_lefthand": {
            "rotation": [0, 90, -25],
            "translation": [1.13, 3.2, 1.13],
            "scale": [0.5, 0.5, 0.5]
        }
    }
}
