{
    "parent": "item/handheld",
    "textures": {
        "layer0": "item/custom/ethereal_staff"
    },
    "display": {
        "thirdperson_righthand": {
            "rotation": [0, -90, 55],
            "translation": [0, 4, 0.5],
            "scale": [1.2, 1.2, 1.2]
        },
        "thirdperson_lefthand": {
            "rotation": [0, 90, -55],
            "translation": [0, 4, 0.5],
            "scale": [1.2, 1.2, 1.2]
        },
        "firstperson_righthand": {
            "rotation": [0, -90, 25],
            "translation": [1.13, 3.2, 1.13],
            "scale": [0.8, 0.8, 0.8]
        },
        "firstperson_lefthand": {
            "rotation": [0, 90, -25],
            "translation": [1.13, 3.2, 1.13],
            "scale": [0.8, 0.8, 0.8]
        }
    }
}
