{
    "parent": "item/handheld",
    "textures": {
        "layer0": "item/stick"
    },
    "overrides": [
        {
            "predicate": {
                "custom_model_data": 1
            },
            "model": "item/custom/test_item"
        },
        {
            "predicate": {
                "custom_model_data": 1001
            },
            "model": "item/custom/mythril_sword"
        },
        {
            "predicate": {
                "custom_model_data": 1002
            },
            "model": "item/custom/dragonscale_sword"
        },
        {
            "predicate": {
                "custom_model_data": 1003
            },
            "model": "item/custom/celestial_staff"
        }
    ]
}
